time,x,y,alt,utm_epsg
626.3489509999999,583823.2566080706,6148442.623048548,50.0,32632
626.510855,583823.2568203028,6148442.611920839,50.0,32632
626.711876,583823.2568203028,6148442.611920839,50.0,32632
626.909035,583823.257032535,6148442.600793133,50.0,32632
627.108883,583823.2633530035,6148442.600913679,50.0,32632
627.313985,583823.2572447674,6148442.589665426,50.0,32632
627.513485,583823.2635652358,6148442.589785973,50.0,32632
627.714613,583823.2637774681,6148442.578658264,50.0,32632
627.9346489999999,583823.2637774681,6148442.578658264,50.0,32632
628.122951,583823.2639897004,6148442.567530557,50.0,32632
628.313546,583823.2703101689,6148442.567651103,50.0,32632
628.511807,583823.2705224012,6148442.556523396,50.0,32632
628.717006,583823.2707346334,6148442.545395687,50.0,32632
628.914496,583823.2707346334,6148442.545395687,50.0,32632
629.134098,583823.2709468658,6148442.53426798,50.0,32632
629.309815,583823.2709468658,6148442.53426798,50.0,32632
629.5108789999999,583823.2774795668,6148442.523260818,50.0,32632
629.716876,583823.2774795668,6148442.523260818,50.0,32632
629.918999,583823.2840122676,6148442.512253659,50.0,32632
630.109471,583823.2842245,6148442.50112595,50.0,32632
630.308909,583823.2842245,6148442.50112595,50.0,32632
630.507537,583823.2907572009,6148442.4901187895,50.0,32632
630.711875,583823.2907572009,6148442.4901187895,50.0,32632
630.91198,583823.2844367323,6148442.489998243,50.0,32632
631.1078769999999,583823.2909694333,6148442.478991081,50.0,32632
631.306917,583823.2972899019,6148442.479111628,50.0,32632
631.512874,583823.2911816656,6148442.467863373,50.0,32632
631.709884,583823.2911816656,6148442.467863373,50.0,32632
631.911887,583823.2977143667,6148442.456856213,50.0,32632
632.108205,583823.3042470678,6148442.445849052,50.0,32632
632.313224,583823.3044593001,6148442.434721345,50.0,32632
632.508918,583823.3107797687,6148442.434841891,50.0,32632
632.713026,583823.3044593001,6148442.434721345,50.0,32632
632.9098839999999,583823.3109920012,6148442.423714183,50.0,32632
633.1120179999999,583823.3175247024,6148442.412707022,50.0,32632
633.30889,583823.3175247024,6148442.412707022,50.0,32632
633.514876,583823.3240574035,6148442.4016998615,50.0,32632
633.7117569999999,583823.3366983411,6148442.401940956,50.0,32632
633.912879,583823.3369105735,6148442.390813248,50.0,32632
634.113402,583823.3434432747,6148442.379806086,50.0,32632
634.315062,583823.3434432747,6148442.379806086,50.0,32632
634.5129009999999,583823.3499759759,6148442.368798926,50.0,32632
634.712603,583823.3499759759,6148442.368798926,50.0,32632
634.909646,583823.3626169136,6148442.369040019,50.0,32632
635.1128739999999,583823.3691496149,6148442.358032859,50.0,32632
635.313555,583823.3754700838,6148442.358153406,50.0,32632
635.507877,583823.3820027851,6148442.347146244,50.0,32632
635.705558,583823.388323254,6148442.34726679,50.0,32632
635.925489,583823.3948559555,6148442.336259631,50.0,32632
636.109029,583823.4074968931,6148442.336500725,50.0,32632
636.3088789999999,583823.4077091258,6148442.325373016,50.0,32632
636.514094,583823.4142418274,6148442.314365855,50.0,32632
636.707893,583823.4142418274,6148442.314365855,50.0,32632
636.913354,583823.4207745289,6148442.3033586955,50.0,32632
637.1128749999999,583823.4273072307,6148442.292351535,50.0,32632
637.313035,583823.4273072307,6148442.292351535,50.0,32632
637.507017,583823.4275194632,6148442.281223826,50.0,32632
637.712182,583823.4338399322,6148442.281344373,50.0,32632
637.91522,583823.4277316959,6148442.2700961195,50.0,32632
638.1128679999999,583823.4277316959,6148442.2700961195,50.0,32632
638.3203579999999,583823.4277316959,6148442.2700961195,50.0,32632
638.504997,583823.4277316959,6148442.2700961195,50.0,32632
638.7093709999999,583823.4279439286,6148442.258968411,50.0,32632
638.906883,583823.4218356921,6148442.247720158,50.0,32632
639.111917,583823.4218356921,6148442.247720158,50.0,32632
639.303196,583823.4218356921,6148442.247720158,50.0,32632
639.513882,583823.4155152233,6148442.24759961,50.0,32632
639.707199,583823.4155152233,6148442.24759961,50.0,32632
639.913015,583823.4155152233,6148442.24759961,50.0,32632
640.109875,583823.4155152233,6148442.24759961,50.0,32632
640.311368,583823.415727456,6148442.2364719035,50.0,32632
640.513155,583823.415727456,6148442.2364719035,50.0,32632
640.7128809999999,583823.415727456,6148442.2364719035,50.0,32632
640.9055119999999,583823.415727456,6148442.2364719035,50.0,32632
641.1155289999999,583823.4159396887,6148442.225344195,50.0,32632
641.3140639999999,583823.4159396887,6148442.225344195,50.0,32632
641.514193,583823.4159396887,6148442.225344195,50.0,32632
641.714938,583823.4159396887,6148442.225344195,50.0,32632
641.93399,583823.4161519213,6148442.2142164875,50.0,32632
642.113881,583823.4224723902,6148442.214337034,50.0,32632
642.309878,583823.416364154,6148442.20308878,50.0,32632
642.512175,583823.4226846228,6148442.203209327,50.0,32632
642.7128749999999,583823.4226846228,6148442.203209327,50.0,32632
642.911898,583823.4226846228,6148442.203209327,50.0,32632
643.115875,583823.4226846228,6148442.203209327,50.0,32632
643.3138779999999,583823.4228968555,6148442.192081619,50.0,32632
643.510056,583823.4228968555,6148442.192081619,50.0,32632
643.7049499999999,583823.4228968555,6148442.192081619,50.0,32632
643.913879,583823.4228968555,6148442.192081619,50.0,32632
644.1129199999999,583823.4228968555,6148442.192081619,50.0,32632
644.312921,583823.4228968555,6148442.192081619,50.0,32632
644.514879,583823.4292173248,6148442.192202166,50.0,32632
644.7129689999999,583823.4292173248,6148442.192202166,50.0,32632
644.917911,583823.4294295574,6148442.181074458,50.0,32632
645.1108949999999,583823.4294295574,6148442.181074458,50.0,32632
645.315777,583823.4294295574,6148442.181074458,50.0,32632
645.515052,583823.4294295574,6148442.181074458,50.0,32632
645.715878,583823.4357500265,6148442.181195006,50.0,32632
645.9241579999999,583823.4294295574,6148442.181074458,50.0,32632
646.117876,583823.4292173248,6148442.192202166,50.0,32632
646.3088779999999,583823.4292173248,6148442.192202166,50.0,32632
646.508924,583823.4228968555,6148442.192081619,50.0,32632
646.716971,583823.416364154,6148442.20308878,50.0,32632
646.916015,583823.4161519213,6148442.2142164875,50.0,32632
647.1123779999999,583823.4161519213,6148442.2142164875,50.0,32632
647.315254,583823.4161519213,6148442.2142164875,50.0,32632
647.513061,583823.4285806267,6148442.225585288,50.0,32632
647.7103619999999,583823.4285806267,6148442.225585288,50.0,32632
647.9338789999999,583823.428368394,6148442.236712997,50.0,32632
648.1139109999999,583823.434688863,6148442.2368335435,50.0,32632
648.319474,583823.441009332,6148442.23695409,50.0,32632
648.513062,583823.441009332,6148442.23695409,50.0,32632
648.7181009999999,583823.4407970993,6148442.248081797,50.0,32632
648.915985,583823.4407970993,6148442.248081797,50.0,32632
649.1077379999999,583823.4405848666,6148442.259209504,50.0,32632
649.3129809999999,583823.4469053355,6148442.259330052,50.0,32632
649.516382,583823.4466931028,6148442.2704577595,50.0,32632
649.713883,583823.4466931028,6148442.2704577595,50.0,32632
649.915402,583823.452801339,6148442.281706014,50.0,32632
650.115238,583823.44648087,6148442.281585467,50.0,32632
650.3163139999999,583823.4462686373,6148442.292713175,50.0,32632
650.5108309999999,583823.4525891063,6148442.292833722,50.0,32632
650.714252,583823.4525891063,6148442.292833722,50.0,32632
650.915184,583823.4586973423,6148442.304081976,50.0,32632
651.114875,583823.4650178113,6148442.304202523,50.0,32632
651.312811,583823.4713382801,6148442.304323071,50.0,32632
651.5134489999999,583823.477658749,6148442.304443617,50.0,32632
651.715875,583823.477658749,6148442.304443617,50.0,32632
651.912637,583823.4774465163,6148442.315571324,50.0,32632
652.112123,583823.4774465163,6148442.315571324,50.0,32632
652.316529,583823.4835547523,6148442.326819579,50.0,32632
652.5139819999999,583823.4835547523,6148442.326819579,50.0,32632
652.714884,583823.4898752212,6148442.326940126,50.0,32632
652.9169049999999,583823.4835547523,6148442.326819579,50.0,32632
653.1141779999999,583823.4833425195,6148442.337947288,50.0,32632
653.302878,583823.4833425195,6148442.337947288,50.0,32632
653.51213,583823.4833425195,6148442.337947288,50.0,32632
653.7082869999999,583823.4894507555,6148442.349195542,50.0,32632
653.927605,583823.4894507555,6148442.349195542,50.0,32632
654.1118769999999,583823.4894507555,6148442.349195542,50.0,32632
654.3078929999999,583823.4829180539,6148442.360202702,50.0,32632
654.5108809999999,583823.4702771162,6148442.3599616075,50.0,32632
654.705431,583823.4700648834,6148442.371089316,50.0,32632
654.908941,583823.4637444146,6148442.370968769,50.0,32632
655.1144029999999,583823.457211713,6148442.381975929,50.0,32632
655.3143289999999,583823.457211713,6148442.381975929,50.0,32632
655.513462,583823.4569994803,6148442.393103638,50.0,32632
655.704881,583823.4443585428,6148442.392862543,50.0,32632
655.913432,583823.4378258412,6148442.403869704,50.0,32632
656.10388,583823.4378258412,6148442.403869704,50.0,32632
656.308041,583823.4376136084,6148442.414997412,50.0,32632
656.507032,583823.4310809071,6148442.426004573,50.0,32632
656.706877,583823.4310809071,6148442.426004573,50.0,32632
656.9114129999999,583823.4308686743,6148442.437132281,50.0,32632
657.1118829999999,583823.4306564417,6148442.448259988,50.0,32632
657.307875,583823.4241237403,6148442.459267148,50.0,32632
657.503884,583823.4241237403,6148442.459267148,50.0,32632
657.703881,583823.4239115077,6148442.470394855,50.0,32632
657.919269,583823.423699275,6148442.481522563,50.0,32632
658.1158819999999,583823.4234870423,6148442.492650271,50.0,32632
658.313101,583823.4298075109,6148442.492770818,50.0,32632
658.512089,583823.4295952781,6148442.503898526,50.0,32632
658.714877,583823.4295952781,6148442.503898526,50.0,32632
658.917703,583823.435703514,6148442.51514678,50.0,32632
659.113915,583823.435703514,6148442.51514678,50.0,32632
659.309882,583823.4354912813,6148442.526274487,50.0,32632
659.512882,583823.4415995171,6148442.5375227425,50.0,32632
659.7099,583823.4415995171,6148442.5375227425,50.0,32632
659.928222,583823.4415995171,6148442.5375227425,50.0,32632
660.1156,583823.4415995171,6148442.5375227425,50.0,32632
660.304137,583823.4413872844,6148442.548650449,50.0,32632
660.508522,583823.4413872844,6148442.548650449,50.0,32632
660.705883,583823.4350668158,6148442.5485299025,50.0,32632
660.9098749999999,583823.4348545831,6148442.559657611,50.0,32632
661.111913,583823.4285341146,6148442.559537064,50.0,32632
661.305294,583823.4285341146,6148442.559537064,50.0,32632
661.50501,583823.4222136461,6148442.559416517,50.0,32632
661.7078839999999,583823.4158931775,6148442.559295971,50.0,32632
661.91081,583823.409572709,6148442.559175423,50.0,32632
662.109482,583823.409572709,6148442.559175423,50.0,32632
662.309752,583823.4032522404,6148442.559054876,50.0,32632
662.51032,583823.3969317719,6148442.558934329,50.0,32632
662.713895,583823.3969317719,6148442.558934329,50.0,32632
662.9078109999999,583823.3903990707,6148442.569941491,50.0,32632
663.104884,583823.3840786022,6148442.569820944,50.0,32632
663.306867,583823.3903990707,6148442.569941491,50.0,32632
663.513388,583823.3840786022,6148442.569820944,50.0,32632
663.711234,583823.3775459011,6148442.580828103,50.0,32632
663.913064,583823.3775459011,6148442.580828103,50.0,32632
664.109205,583823.3714376652,6148442.56957985,50.0,32632
664.3061299999999,583823.3714376652,6148442.56957985,50.0,32632
664.50892,583823.3714376652,6148442.56957985,50.0,32632
664.710094,583823.3777581337,6148442.569700398,50.0,32632
664.908876,583823.3777581337,6148442.569700398,50.0,32632
665.107297,583823.3777581337,6148442.569700398,50.0,32632
665.3088779999999,583823.3777581337,6148442.569700398,50.0,32632
665.512251,583823.3714376652,6148442.56957985,50.0,32632
665.699884,583823.3714376652,6148442.56957985,50.0,32632
665.9154239999999,583823.3714376652,6148442.56957985,50.0,32632
666.1022909999999,583823.3714376652,6148442.56957985,50.0,32632
666.311329,583823.3714376652,6148442.56957985,50.0,32632
666.515051,583823.3714376652,6148442.56957985,50.0,32632
666.7139109999999,583823.3716498978,6148442.5584521415,50.0,32632
666.9148779999999,583823.3777581337,6148442.569700398,50.0,32632
667.11218,583823.3779703663,6148442.558572689,50.0,32632
667.318053,583823.3777581337,6148442.569700398,50.0,32632
667.509323,583823.3842908348,6148442.558693237,50.0,32632
667.71394,583823.3842908348,6148442.558693237,50.0,32632
667.924886,583823.3842908348,6148442.558693237,50.0,32632
668.118306,583823.390823536,6148442.547686075,50.0,32632
668.3138809999999,583823.3845030674,6148442.547565529,50.0,32632
668.51206,583823.3847152999,6148442.536437822,50.0,32632
668.716879,583823.3910357686,6148442.536558367,50.0,32632
668.9128949999999,583823.3912480013,6148442.525430659,50.0,32632
669.124203,583823.3912480013,6148442.525430659,50.0,32632
669.312292,583823.3914602338,6148442.514302951,50.0,32632
669.51961,583823.3914602338,6148442.514302951,50.0,32632
669.713367,583823.3914602338,6148442.514302951,50.0,32632
669.9237029999999,583823.3853519977,6148442.503054698,50.0,32632
670.112801,583823.3855642303,6148442.49192699,50.0,32632
670.309894,583823.391884699,6148442.492047537,50.0,32632
670.513997,583823.391884699,6148442.492047537,50.0,32632
670.7128749999999,583823.391884699,6148442.492047537,50.0,32632
670.911241,583823.391884699,6148442.492047537,50.0,32632
671.114871,583823.3979929349,6148442.503295791,50.0,32632
671.311738,583823.3979929349,6148442.503295791,50.0,32632
671.513876,583823.3982051676,6148442.492168085,50.0,32632
671.71394,583823.4045256362,6148442.492288631,50.0,32632
671.933872,583823.4043134035,6148442.503416339,50.0,32632
672.119051,583823.4106338723,6148442.503536886,50.0,32632
672.317943,583823.4045256362,6148442.492288631,50.0,32632
672.519052,583823.410846105,6148442.492409178,50.0,32632
672.711875,583823.4047378688,6148442.481160923,50.0,32632
672.914886,583823.4047378688,6148442.481160923,50.0,32632
673.120114,583823.4112705702,6148442.470153762,50.0,32632
673.322019,583823.4049501015,6148442.470033215,50.0,32632
673.520058,583823.4051623341,6148442.458905508,50.0,32632
673.7188719999999,583823.4051623341,6148442.458905508,50.0,32632
673.924404,583823.3990540981,6148442.447657254,50.0,32632
674.1180039999999,583823.3927336294,6148442.447536707,50.0,32632
674.323986,583823.392945862,6148442.436409,50.0,32632
674.517238,583823.392945862,6148442.436409,50.0,32632
674.7168899999999,583823.3868376259,6148442.425160745,50.0,32632
674.923874,583823.3870498585,6148442.414033037,50.0,32632
675.113878,583823.387262091,6148442.402905329,50.0,32632
675.3114479999999,583823.3811538549,6148442.391657075,50.0,32632
675.514921,583823.3811538549,6148442.391657075,50.0,32632
675.715875,583823.3813660875,6148442.380529366,50.0,32632
675.9249659999999,583823.3752578513,6148442.369281112,50.0,32632
676.113883,583823.3820027851,6148442.347146244,50.0,32632
676.313309,583823.3822150177,6148442.336018537,50.0,32632
676.513007,583823.3822150177,6148442.336018537,50.0,32632
676.7128759999999,583823.3889599517,6148442.313883669,50.0,32632
676.914079,583823.3826394829,6148442.313763121,50.0,32632
677.1158829999999,583823.3828517154,6148442.3026354145,50.0,32632
677.307768,583823.383063948,6148442.291507707,50.0,32632
677.507491,583823.3834884132,6148442.269252292,50.0,32632
677.711909,583823.4028742852,6148442.247358517,50.0,32632
677.932876,583823.4159396887,6148442.225344195,50.0,32632
678.1128719999999,583823.4477542664,6148442.214819222,50.0,32632
678.31584,583823.4673523719,6148442.181797739,50.0,32632
678.522884,583823.4677768374,6148442.159542325,50.0,32632
678.714175,583823.4932709467,6148442.148896804,50.0,32632
678.91188,583823.5000158815,6148442.126761936,50.0,32632
679.115191,583823.5130812855,6148442.104747614,50.0,32632
679.3135589999999,583823.5191895218,6148442.115995869,50.0,32632
679.513877,583823.5128690527,6148442.115875322,50.0,32632
679.7181449999999,583823.5255099911,6148442.116116416,50.0,32632
679.92216,583823.5250855252,6148442.138371832,50.0,32632
680.118884,583823.5373019975,6148442.160868341,50.0,32632
680.321181,583823.5307692955,6148442.171875501,50.0,32632
680.510271,583823.5434102337,6148442.172116595,50.0,32632
680.710056,583823.5362408328,6148442.216506879,50.0,32632
680.913876,583823.5480328389,6148442.261258802,50.0,32632
681.114873,583823.541500137,6148442.272265964,50.0,32632
681.3148739999999,583823.540863438,6148442.305649087,50.0,32632
681.5181739999999,583823.5277980344,6148442.327663409,50.0,32632
681.712873,583823.5336940372,6148442.350039371,50.0,32632
681.911449,583823.5334818043,6148442.361167078,50.0,32632
682.116908,583823.5395900402,6148442.372415333,50.0,32632
682.318015,583823.5334818043,6148442.361167078,50.0,32632
682.511073,583823.5336940372,6148442.350039371,50.0,32632
682.713342,583823.5145203979,6148442.360805437,50.0,32632
682.912887,583823.5079876962,6148442.371812598,50.0,32632
683.1129149999999,583823.508412162,6148442.349557183,50.0,32632
683.3098759999999,583823.5016672275,6148442.37169205,50.0,32632
683.5151639999999,583823.4768098178,6148442.348954448,50.0,32632
683.711883,583823.4700648834,6148442.371089316,50.0,32632
683.923095,583823.4639566474,6148442.359841062,50.0,32632
684.110877,583823.4454197064,6148442.337224006,50.0,32632
684.3130209999999,583823.4452074737,6148442.348351713,50.0,32632
684.512013,583823.4199255982,6148442.347869526,50.0,32632
684.706383,583823.4203500635,6148442.32561411,50.0,32632
684.917233,583823.4268827653,6148442.314606949,50.0,32632
685.115879,583823.4142418274,6148442.314365855,50.0,32632
685.312205,583823.4013886569,6148442.325252469,50.0,32632
685.514875,583823.3950681881,6148442.325131922,50.0,32632
685.713879,583823.4011764242,6148442.336380178,50.0,32632
685.915082,583823.3950681881,6148442.325131922,50.0,32632
686.103402,583823.3950681881,6148442.325131922,50.0,32632
686.313871,583823.4013886569,6148442.325252469,50.0,32632
686.51288,583823.4016008895,6148442.314124762,50.0,32632
686.717541,583823.4079213584,6148442.314245309,50.0,32632
686.916826,583823.4142418274,6148442.314365855,50.0,32632
687.113878,583823.4144540601,6148442.303238148,50.0,32632
687.317322,583823.4273072307,6148442.292351535,50.0,32632
687.512937,583823.4399481684,6148442.292592628,50.0,32632
687.7161159999999,583823.4654422769,6148442.281947108,50.0,32632
687.922877,583823.5094733264,6148442.293918644,50.0,32632
688.1191769999999,583823.5596126118,6148442.317138435,50.0,32632
688.320522,583823.6409297743,6148442.363216379,50.0,32632
688.514876,583823.759533047,6148442.443400729,50.0,32632
688.724615,583823.9095264245,6148442.535315527,50.0,32632
688.916881,583824.083952732,6148442.672223353,50.0,32632
689.122273,583824.2958773681,6148442.83210989,50.0,32632
689.322951,583824.5261266859,6148443.025741206,50.0,32632
689.521407,583824.8001947842,6148443.242471789,50.0,32632
689.7215649999999,583825.09301202,6148443.470691747,50.0,32632
689.9348719999999,583825.404153913,6148443.732656495,50.0,32632
690.123878,583825.733832691,6148444.017238331,50.0,32632
690.319985,583826.0822605847,6148444.313309554,50.0,32632
690.516882,583826.4494375879,6148444.620870165,50.0,32632
690.719068,583826.8102940742,6148444.9283102555,50.0,32632
690.913161,583827.1709382677,6148445.246878082,50.0,32632
691.1181369999999,583827.5004045739,6148445.542587763,50.0,32632
691.322874,583827.792584784,6148445.804191024,50.0,32632
691.5184939999999,583828.0411584483,6148446.031567309,50.0,32632
691.716835,583828.2461255793,6148446.22471661,50.0,32632
691.934213,583828.4011657246,6148446.383518363,50.0,32632
692.1239049999999,583828.5128116017,6148446.496965414,50.0,32632
692.32088,583828.5932796514,6148446.587554279,50.0,32632
692.522879,583828.636249414,6148446.655164406,50.0,32632
692.724467,583828.6480413546,6148446.699916343,50.0,32632
692.924208,583828.6412963994,6148446.722051204,50.0,32632
693.116872,583828.6101185787,6148446.699193018,50.0,32632
693.3182029999999,583828.5536589067,6148446.675852613,50.0,32632
693.5202469999999,583828.4599131952,6148446.618405763,50.0,32632
693.7168899999999,583828.3286691951,6148446.537980176,50.0,32632
693.921851,583828.1725678281,6148446.43481696,50.0,32632
694.11707,583827.9918213347,6148446.297788416,50.0,32632
694.311611,583827.7735765376,6148446.137781144,50.0,32632
694.5158819999999,583827.5308988432,6148445.932780842,50.0,32632
694.721853,583827.2694719767,6148445.716291191,50.0,32632
694.92032,583826.9827632271,6148445.499319345,50.0,32632
695.119193,583826.6777297785,6148445.248602741,50.0,32632
695.314993,583826.3478389154,6148444.975148539,50.0,32632
695.522525,583825.986557923,6148444.689963902,50.0,32632
695.725876,583825.6065277245,6148444.393289939,50.0,32632
695.9488769999999,583825.2142810165,6148444.074119492,50.0,32632
696.124873,583824.8034973236,6148443.732332021,50.0,32632
696.3265819999999,583824.3802848671,6148443.379175786,50.0,32632
696.527118,583823.9322149392,6148443.003281985,50.0,32632
696.720963,583823.4712917645,6148442.638274846,50.0,32632
696.9253249999999,583823.0107929767,6148442.251012339,50.0,32632
697.120877,583822.5433369466,6148441.897012461,50.0,32632
697.3148739999999,583822.0701970591,6148441.509508963,50.0,32632
697.518189,583821.5846283749,6148441.110636721,50.0,32632
697.71789,583821.0984229222,6148440.7451476585,50.0,32632
697.9240699999999,583820.6004253471,6148440.3349067345,50.0,32632
698.1248959999999,583820.1083237029,6148439.947041824,50.0,32632
698.327489,583819.6105381676,6148439.525673306,50.0,32632
698.5323599999999,583819.1062198416,6148439.115312014,50.0,32632
698.72398,583818.6082218954,6148438.705071317,50.0,32632
698.922411,583818.1352935354,6148438.306440545,50.0,32632
699.122877,583817.7181882762,6148437.96453321,50.0,32632
699.310763,583817.3507978885,6148437.668101048,50.0,32632
699.521049,583817.0333346099,6148437.406016343,50.0,32632
699.724012,583816.7653740261,6148437.200534496,50.0,32632
699.933035,583816.5599815368,6148437.029641158,50.0,32632
700.124916,583816.4047284158,6148436.881967538,50.0,32632
700.323883,583816.2802288114,6148436.779407438,50.0,32632
700.5258749999999,583816.1871193718,6148436.688577728,50.0,32632
700.7218849999999,583816.1190796226,6148436.609357876,50.0,32632
700.9248749999999,583816.0761095657,6148436.5417478755,50.0,32632
701.123932,583816.0512520844,6148436.519010315,50.0,32632
701.326341,583816.0263946031,6148436.496272756,50.0,32632
701.525719,583816.0011126945,6148436.495790611,50.0,32632
701.716913,583815.9756185722,6148436.506436174,50.0,32632
701.925132,583815.9433795466,6148436.539216617,50.0,32632
702.124458,583815.9111405214,6148436.57199706,50.0,32632
702.315876,583815.8529829493,6148436.6376784835,50.0,32632
702.517883,583815.7880804762,6148436.725494787,50.0,32632
702.723876,583815.6974716735,6148436.835084364,50.0,32632
702.924492,583815.5874770207,6148436.966567752,50.0,32632
703.117881,583815.4450311445,6148437.1419592975,50.0,32632
703.3218929999999,583815.2764545288,6148437.361379536,50.0,32632
703.521767,583815.0758511293,6148437.602452526,50.0,32632
703.721379,583814.8491170079,6148437.887554214,50.0,32632
703.931879,583814.5966765963,6148438.194429195,50.0,32632
704.127876,583814.3183176945,6148438.53420518,50.0,32632
704.327875,583814.0203607877,6148438.907002704,50.0,32632
704.5148849999999,583813.6964854145,6148439.31270124,50.0,32632
704.724964,583813.3466915891,6148439.751300795,50.0,32632
704.922921,583812.9709793268,6148440.222801372,50.0,32632
705.1220069999999,583812.582201791,6148440.716316336,50.0,32632
705.3239229999999,583812.1677180514,6148441.2316046255,50.0,32632
705.524875,583811.7464895312,6148441.76902784,50.0,32632
705.71931,583811.2991304294,6148442.350479808,50.0,32632
705.930343,583810.8511348406,6148442.965314946,50.0,32632
706.1208829999999,583810.3900740409,6148443.602164487,50.0,32632
706.32706,583809.9222685086,6148444.261148966,50.0,32632
706.522884,583809.4411855908,6148444.953275562,50.0,32632
706.7278719999999,583808.9472496966,6148445.65628887,50.0,32632
706.921886,583808.4284564952,6148446.336564712,50.0,32632
707.118874,583807.9094512572,6148447.027968323,50.0,32632
707.3248729999999,583807.3773808721,6148447.741386362,50.0,32632
707.523508,583806.8516311158,6148448.45492499,50.0,32632
707.722302,583806.3515877416,6148449.146690353,50.0,32632
707.937055,583805.8903160234,6148449.794668068,50.0,32632
708.1240359999999,583805.4933099468,6148450.388212502,50.0,32632
708.331457,583805.1481407464,6148450.915954887,50.0,32632
708.522877,583804.8362713943,6148451.355278235,50.0,32632
708.7221139999999,583804.5764510424,6148451.717671804,50.0,32632
708.928235,583804.3625713957,6148451.99188736,50.0,32632
709.124875,583804.1998919637,6148452.233683954,50.0,32632
709.324245,583804.0635552874,6148452.420324092,50.0,32632
709.520276,583803.977994437,6148452.596800675,50.0,32632
709.712487,583803.911819322,6148452.751383402,50.0,32632
709.932876,583803.8966322069,6148452.884674862,50.0,32632
710.121889,583803.9457105453,6148452.963532972,50.0,32632
710.324876,583804.0253302264,6148453.09863222,50.0,32632
710.521904,583804.1293829755,6148453.278724377,50.0,32632
710.722772,583804.2977011672,6148453.404383189,50.0,32632
710.926288,583804.4963484984,6148453.597410859,50.0,32632
711.119229,583804.725961514,6148453.824424262,50.0,32632
711.325869,583804.9865402044,6148454.085423403,50.0,32632
711.5244339999999,583805.2717641058,6148454.380287771,50.0,32632
711.7245399999999,583805.6073393872,6148454.687244035,50.0,32632
711.9280679999999,583805.9553433328,6148455.005569077,50.0,32632
712.117119,583806.3216720069,6148455.357638841,50.0,32632
712.313554,583806.7067497787,6148455.721197911,50.0,32632
712.522641,583807.0979357427,6148456.096005248,50.0,32632
712.7220689999999,583807.4769051297,6148456.448316155,50.0,32632
712.9214979999999,583807.843445754,6148456.789258339,50.0,32632
713.121814,583808.1912371743,6148457.118711271,50.0,32632
713.326878,583808.5331324872,6148457.425788289,50.0,32632
713.521942,583808.83731727,6148457.721014469,50.0,32632
713.7228719999999,583809.1042159274,6148457.982134387,50.0,32632
713.939357,583809.3403611165,6148458.198140854,50.0,32632
714.120879,583809.5265793139,6148458.379799993,50.0,32632
714.3198749999999,583809.6818318662,6148458.527473379,50.0,32632
714.518057,583809.799798335,6148458.641040483,50.0,32632
714.7138749999999,583809.8737338816,6148458.742636186,50.0,32632
714.918287,583809.9232364439,6148458.799238947,50.0,32632
715.1168279999999,583809.9476694249,6148458.844231891,50.0,32632
715.316702,583809.9533532707,6148458.877735544,50.0,32632
715.5163709999999,583809.9527166714,6148458.9111186685,50.0,32632
715.7162149999999,583809.9394391824,6148458.944260738,50.0,32632
715.915086,583809.9065637605,6148459.0104243485,50.0,32632
716.1157919999999,583809.8477699626,6148459.109488974,50.0,32632
716.319248,583809.750416903,6148459.241213561,50.0,32632
716.517872,583809.6140801894,6148459.4278535275,50.0,32632
716.713898,583809.4455046725,6148459.6472739875,50.0,32632
716.919055,583809.2248802381,6148459.9436241975,50.0,32632
717.116489,583808.9528435003,6148460.283521043,50.0,32632
717.313827,583808.6355027244,6148460.678212764,50.0,32632
717.5222339999999,583808.2728579344,6148461.127699372,50.0,32632
717.718881,583807.8779744278,6148461.609966512,50.0,32632
717.932523,583807.4443195906,6148462.136021373,50.0,32632
718.1178749999999,583806.9716812562,6148462.716991678,50.0,32632
718.320022,583806.473336908,6148463.319735359,50.0,32632
718.523886,583805.9490743739,6148463.955380134,50.0,32632
718.7207149999999,583805.4115345494,6148464.624167053,50.0,32632
718.91289,583804.8543970166,6148465.3259756,50.0,32632
719.123192,583804.2785105406,6148466.016294949,50.0,32632
719.320958,583803.7085203069,6148466.728990309,50.0,32632
719.518872,583803.1195689571,6148467.441324187,50.0,32632
719.7168819999999,583802.5428342943,6148468.176154596,50.0,32632
719.931881,583801.9408180991,6148468.910503013,50.0,32632
720.126118,583801.3385899228,6148469.65597922,50.0,32632
720.315981,583800.7302536957,6148470.390207287,50.0,32632
720.515265,583800.121493317,6148471.146690855,50.0,32632
720.715926,583799.5131574925,6148471.880919087,50.0,32632
720.915565,583798.9046096948,6148472.626275111,50.0,32632
721.118874,583798.3082786048,6148473.394127658,50.0,32632
721.3111389999999,583797.7382902596,6148474.106823781,50.0,32632
721.524902,583797.226458904,6148474.753838312,50.0,32632
721.723435,583796.7919579211,6148475.324405047,50.0,32632
721.923878,583796.4225707514,6148475.796027529,50.0,32632
722.11793,583796.1307260238,6148476.180074467,50.0,32632
722.322877,583795.8911420238,6148476.476063815,50.0,32632
722.521365,583795.709714816,6148476.706371487,50.0,32632
722.714873,583795.5796996354,6148476.893132391,50.0,32632
722.921878,583795.4819230515,6148477.047112707,50.0,32632
723.123879,583795.4100646403,6148477.1681919275,50.0,32632
723.324586,583795.363487906,6148477.289753176,50.0,32632
723.5195,583795.3552580107,6148477.389782049,50.0,32632
723.7184189999999,583795.3784180409,6148477.501541166,50.0,32632
723.926101,583795.4203271588,6148477.624789512,50.0,32632
724.1144939999999,583795.5056305389,6148477.793392245,50.0,32632
724.3188779999999,583795.6288564157,6148477.962718022,50.0,32632
724.519872,583795.7895804545,6148478.155022265,50.0,32632
724.718038,583795.9941230641,6148478.370425489,50.0,32632
724.917887,583796.235739486,6148478.631062605,50.0,32632
725.111772,583796.5274948718,6148478.914919222,50.0,32632
725.3162229999999,583796.8497914568,6148479.255016949,50.0,32632
725.512875,583797.2222269727,6148479.618334196,50.0,32632
725.714572,583797.6190954039,6148480.026644349,50.0,32632
725.931881,583798.0340763174,6148480.479826907,50.0,32632
726.113509,583798.4933000352,6148480.933853087,50.0,32632
726.314906,583798.9710605475,6148481.41049627,50.0,32632
726.514456,583799.4669334906,6148481.932011879,50.0,32632
726.7129219999999,583799.9813431948,6148482.476144503,50.0,32632
726.912879,583800.5145018231,6148483.0317664435,50.0,32632
727.121269,583801.0600889544,6148483.598757188,50.0,32632
727.3218089999999,583801.6117841715,6148484.176996226,50.0,32632
727.517874,583802.1506262451,6148484.766122011,50.0,32632
727.7160789999999,583802.7018968023,6148485.366616607,50.0,32632
727.925874,583803.2405263955,6148485.966870239,50.0,32632
728.116891,583803.7917966497,6148486.567364977,50.0,32632
728.3138839999999,583804.3245299141,6148487.145242807,50.0,32632
728.515889,583804.8319814233,6148487.722638621,50.0,32632
728.7218879999999,583805.3141511873,6148488.29955241,50.0,32632
728.921889,583805.7588227952,6148488.853487703,50.0,32632
729.123074,583806.1725288617,6148489.373437303,50.0,32632
729.3138769999999,583806.5360960132,6148489.87016734,50.0,32632
729.516456,583806.8562690604,6148490.3215429075,50.0,32632
729.715611,583807.1265154332,6148490.73857118,50.0,32632
729.92526,583807.3594759493,6148491.121493199,50.0,32632
730.1168739999999,583807.5414488483,6148491.525706449,50.0,32632
730.315875,583807.7053093059,6148491.885047297,50.0,32632
730.516671,583807.8384165383,6148492.199274693,50.0,32632
730.715599,583807.9470909532,6148492.468509155,50.0,32632
730.9248769999999,583808.0441855484,6148492.681864028,50.0,32632
731.1284029999999,583808.12970033,6148492.839339307,50.0,32632
731.322271,583808.1909945105,6148492.940693939,50.0,32632
731.523371,583808.2463926882,6148493.019672632,50.0,32632
731.721423,583808.2706132816,6148493.0757932775,50.0,32632
731.945216,583808.2954704682,6148493.098530799,50.0,32632
732.125511,583808.3266480503,6148493.121388845,50.0,32632
732.327876,583808.3521418308,6148493.11074324,50.0,32632
732.5258749999999,583808.4094497883,6148493.089572555,50.0,32632
732.724885,583808.480035133,6148493.035259796,50.0,32632
732.9287429999999,583808.5824346573,6148492.9704219615,50.0,32632
733.1223259999999,583808.7046441685,6148492.861434872,50.0,32632
733.3240529999999,583808.8715208578,6148492.731036056,50.0,32632
733.525885,583809.064740142,6148492.545480809,50.0,32632
733.722216,583809.3285448091,6148492.305612824,50.0,32632
733.93405,583809.6502940862,6148492.011191062,50.0,32632
734.12637,583809.9929144188,6148491.616981528,50.0,32632
734.3256779999999,583810.3867346086,6148491.190353124,50.0,32632
734.525893,583810.81321789,6148490.708688859,50.0,32632
734.715664,583811.2791090999,6148490.149853854,50.0,32632
734.925652,583811.7835594503,6148489.558358955,50.0,32632
735.124154,583812.3328893696,6148488.93432471,50.0,32632
735.3278779999999,583812.9024539061,6148488.243885876,50.0,32632
735.5311839999999,583813.5103654625,6148487.531914898,50.0,32632
735.7309409999999,583814.1505158732,6148486.787163547,50.0,32632
735.937878,583814.8109009991,6148485.976007642,50.0,32632
736.12846,583815.5155292144,6148485.165695588,50.0,32632
736.334874,583816.2532452497,6148484.27809237,50.0,32632
736.525234,583817.0103472456,6148483.3685954735,50.0,32632
736.731082,583817.7868352252,6148482.437204907,50.0,32632
736.930214,583818.5833458817,6148481.450537555,50.0,32632
737.127876,583819.4051385449,6148480.464352512,50.0,32632
737.320877,583820.2467417257,6148479.434018413,50.0,32632
737.529822,583821.082024877,6148478.4035639325,50.0,32632
737.722551,583821.943439012,6148477.329080955,50.0,32632
737.9426209999999,583822.8107495134,6148476.276974108,50.0,32632
738.122304,583823.6786971296,6148475.191484305,50.0,32632
738.324887,583824.5337920821,6148474.116881282,50.0,32632
738.527523,583825.4084854384,6148473.009256949,50.0,32632
738.7209349999999,583826.2703261324,6148471.912519393,50.0,32632
738.9400539999999,583827.132379492,6148470.804654296,50.0,32632
739.125778,583827.9756842349,6148469.685299996,50.0,32632
739.325437,583828.7806423145,6148468.587477944,50.0,32632
739.532876,583829.5790681043,6148467.500663188,50.0,32632
739.725731,583830.3387226665,6148466.457636064,50.0,32632
739.914638,583831.085312202,6148465.4366233675,50.0,32632
740.1237219999999,583831.818836691,6148464.437625095,50.0,32632
740.324878,583832.5266552371,6148463.460400118,50.0,32632
740.520213,583833.2087678126,6148462.504948421,50.0,32632
740.717906,583833.8586416895,6148461.582277142,50.0,32632
740.921882,583834.4825972761,6148460.69250683,50.0,32632
741.1168809999999,583835.074101836,6148459.846644617,50.0,32632
741.316079,583835.6205144436,6148459.044449358,50.0,32632
741.511321,583836.1410086629,6148458.275155029,50.0,32632
741.710153,583836.6031331648,6148457.582669618,50.0,32632
741.917873,583837.0389146751,6148456.945340525,50.0,32632
742.1168739999999,583837.4167509227,6148456.362564909,50.0,32632
742.311977,583837.7157700936,6148455.934130417,50.0,32632
742.513882,583837.9566316479,6148455.571377077,50.0,32632
742.713969,583838.1528255455,6148455.23003519,50.0,32632
742.912876,583838.296969966,6148454.965622714,50.0,32632
743.1170589999999,583838.4149835121,6148454.745238798,50.0,32632
743.318959,583838.4942252737,6148454.568642303,50.0,32632
743.5163289999999,583838.5412279675,6148454.424826088,50.0,32632
743.713879,583838.5625243129,6148454.302783013,50.0,32632
743.936412,583838.5775002072,6148454.180619369,50.0,32632
744.1159849999999,583838.5543411173,6148454.06886002,50.0,32632
744.3143819999999,583838.5250738454,6148453.945852395,50.0,32632
744.511886,583838.4639920376,6148453.833369634,50.0,32632
744.716872,583838.3782652299,6148453.687021479,50.0,32632
744.923221,583838.2737893284,6148453.529183911,50.0,32632
745.120905,583838.1193866059,6148453.336998681,50.0,32632
745.319887,583837.9335938725,6148453.133082908,50.0,32632
745.513065,583837.7229438454,6148452.906429458,50.0,32632
745.717754,583837.4874365178,6148452.657038334,50.0,32632
745.934005,583837.2209636954,6148452.3736612685,50.0,32632
746.122024,583836.9041394659,6148452.07819198,50.0,32632
746.321783,583836.5624579048,6148451.759985036,50.0,32632
746.51488,583836.1649535185,6148451.385054494,50.0,32632
746.7144129999999,583835.7360590459,6148450.998393459,50.0,32632
746.909726,583835.2635580872,6148450.577505396,50.0,32632
747.109684,583834.7845243178,6148450.167624529,50.0,32632
747.3138739999999,583834.2810576684,6148449.712750634,50.0,32632
747.515889,583833.7525213374,6148449.246266845,50.0,32632
747.711543,583833.1991275706,6148448.757045462,50.0,32632
747.920937,583832.620239582,6148448.278469616,50.0,32632
748.117486,583832.0356677705,6148447.766390165,50.0,32632
748.312878,583831.43234669,6148447.242821411,50.0,32632
748.5158729999999,583830.8102763289,6148446.707763364,50.0,32632
748.7128839999999,583830.1818853526,6148446.172584848,50.0,32632
748.919987,583829.547386007,6148445.626158159,50.0,32632
749.114294,583828.9251029395,6148445.10222809,50.0,32632
749.316198,583828.2842828163,6148444.555681035,50.0,32632
749.519878,583827.637142067,6148444.009013521,50.0,32632
749.710922,583827.0148585415,6148443.485083725,50.0,32632
749.9299199999999,583826.423964967,6148442.9728844855,50.0,32632
750.113881,583825.8699328722,6148442.517047167,50.0,32632
750.315886,583825.403113806,6148442.129663859,50.0,32632
750.5217369999999,583825.0112913477,6148441.788238019,50.0,32632
750.723709,583824.7005737608,6148441.504017885,50.0,32632
750.9211329999999,583824.4833897789,6148441.288372243,50.0,32632
751.115971,583824.3037041299,6148441.095705316,50.0,32632
751.316953,583824.17352106,6148440.959641317,50.0,32632
751.516885,583824.0681953976,6148440.846314928,50.0,32632
751.7188299999999,583823.9879393805,6148440.74459844,50.0,32632
751.929684,583823.9319040754,6148440.69900268,50.0,32632
752.122877,583823.8817647732,6148440.675782886,50.0,32632
752.317806,583823.8183478272,6148440.685705119,50.0,32632
752.512536,583823.7288000633,6148440.739655995,50.0,32632
752.7178769999999,583823.6388278353,6148440.815862288,50.0,32632
752.917291,583823.5107205522,6148440.902473007,50.0,32632
753.116031,583823.3686989376,6148441.055608883,50.0,32632
753.315494,583823.2197201663,6148441.242007338,50.0,32632
753.521292,583823.0317574283,6148441.48332106,50.0,32632
753.714833,583822.8117678998,6148441.746287475,50.0,32632
753.912244,583822.5658598284,6148442.04215484,50.0,32632
754.118961,583822.2938209948,6148442.382050871,50.0,32632
754.3170319999999,583821.9960758713,6148442.743720152,50.0,32632
754.516889,583821.6787327077,6148443.138410945,50.0,32632
754.716182,583821.3354710493,6148443.566002707,50.0,32632
754.9198769999999,583820.9789318435,6148444.0267365305,50.0,32632
755.118882,583820.5966863967,6148444.509243628,50.0,32632
755.3188829999999,583820.1885224984,6148445.024651714,50.0,32632
755.5158789999999,583819.7609728539,6148445.561953625,50.0,32632
755.715883,583819.3142496994,6148446.110021663,50.0,32632
755.9338759999999,583818.8671022111,6148446.680345164,50.0,32632
756.1168739999999,583818.4003567905,6148447.28369021,50.0,32632
756.316874,583817.9338237147,6148447.8759076,50.0,32632
756.5098869999999,583817.4544376242,6148448.479011669,50.0,32632
756.71294,583816.9493453928,6148449.103889055,50.0,32632
756.917343,583816.4571064343,6148449.717879864,50.0,32632
757.1172839999999,583815.9389491387,6148450.364771706,50.0,32632
757.317873,583815.4336451183,6148451.000776974,50.0,32632
757.517576,583814.9281290295,6148451.647910004,50.0,32632
757.7138749999999,583814.4099721778,6148452.294802024,50.0,32632
757.929492,583813.88613165,6148452.908190448,50.0,32632
758.126478,583813.3490137368,6148453.554720991,50.0,32632
758.3218969999999,583812.8247490888,6148454.190364957,50.0,32632
758.518022,583812.3000601791,6148454.848264398,50.0,32632
758.727887,583811.7755836275,6148455.495036195,50.0,32632
758.923135,583811.2386785324,6148456.130439285,50.0,32632
759.1250689999999,583810.7142022845,6148456.777211206,50.0,32632
759.333445,583810.1831935407,6148457.434990371,50.0,32632
759.527984,583809.6399684587,6148458.0702731265,50.0,32632
759.7315269999999,583809.1028517786,6148458.716804182,50.0,32632
759.937054,583808.565098665,6148459.3967184285,50.0,32632
760.132485,583808.0532640722,6148460.043731715,50.0,32632
760.3278839999999,583807.5287887426,6148460.69050401,50.0,32632
760.517297,583807.0041013719,6148461.348404078,50.0,32632
760.723259,583806.4796263466,6148461.995176498,50.0,32632
760.923909,583805.9612597222,6148462.653197209,50.0,32632
761.12887,583805.4433176274,6148463.288962565,50.0,32632
761.328461,583804.9319083046,6148463.913720794,50.0,32632
761.5249239999999,583804.4078582511,6148464.538238042,50.0,32632
761.715297,583803.9221553288,6148465.141223048,50.0,32632
761.9418969999999,583803.475011698,6148465.711548094,50.0,32632
762.126773,583803.0601069003,6148466.249092645,50.0,32632
762.3262639999999,583802.6902939639,6148466.742970024,50.0,32632
762.525674,583802.3409276744,6148467.1593150245,50.0,32632
762.725075,583802.0495062427,6148467.521106158,50.0,32632
762.927877,583801.8295192266,6148467.784073609,50.0,32632
763.125595,583801.6544117955,6148468.014501558,50.0,32632
763.3248719999999,583801.5313530868,6148468.167999677,50.0,32632
763.523384,583801.4272556802,6148468.321859347,50.0,32632
763.725468,583801.3686743698,6148468.409796377,50.0,32632
763.936381,583801.3425439309,6148468.453825148,50.0,32632
764.1299339999999,583801.3164134924,6148468.497853921,50.0,32632
764.319878,583801.3223095662,6148468.520229854,50.0,32632
764.525988,583801.3404221443,6148468.5651022345,50.0,32632
764.7313039999999,583801.3465303965,6148468.576350458,50.0,32632
764.9301389999999,583801.3711755836,6148468.610215646,50.0,32632
765.117892,583801.4021412011,6148468.644201349,50.0,32632
765.329316,583801.4647089713,6148468.6787896305,50.0,32632
765.535072,583801.5257914868,6148468.791271872,50.0,32632
765.7328749999999,583801.6317535498,6148468.871214601,50.0,32632
765.953884,583801.7625729707,6148468.973894813,50.0,32632
766.1319129999999,583801.917825385,6148469.121567927,50.0,32632
766.337322,583802.1168964365,6148469.292340081,50.0,32632
766.536882,583802.3220757211,6148469.474360469,50.0,32632
766.73789,583802.55190016,6148469.6902460605,50.0,32632
766.926778,583802.8122658087,6148469.962372796,50.0,32632
767.1294449999999,583803.1111905453,6148470.20183953,50.0,32632
767.330875,583803.4282277974,6148470.486178673,50.0,32632
767.5246649999999,583803.7446284537,6148470.803900965,50.0,32632
767.725297,583804.0987394411,6148471.133474104,50.0,32632
767.944046,583804.4777077086,6148471.48578477,50.0,32632
768.124874,583804.8558271637,6148471.882606304,50.0,32632
768.320973,583805.2467995897,6148472.268541206,50.0,32632
768.524144,583805.6434558019,6148472.6879797885,50.0,32632
768.7234629999999,583806.0468567437,6148473.085283514,50.0,32632
768.925891,583806.4690066916,6148473.494076555,50.0,32632
769.131581,583806.9035852137,6148473.914238392,50.0,32632
769.328884,583807.3318432295,6148474.334279749,50.0,32632
769.524871,583807.7474603187,6148474.754080101,50.0,32632
769.733901,583808.182038592,6148475.174242068,50.0,32632
769.939791,583808.6166167816,6148475.594404078,50.0,32632
770.124876,583809.0511948875,6148476.014566133,50.0,32632
770.3248729999999,583809.4419543718,6148476.411629125,50.0,32632
770.523879,583809.8015360906,6148476.7858340945,50.0,32632
770.728543,583810.1236196388,6148477.137060511,50.0,32632
770.927473,583810.3896681806,6148477.442691359,50.0,32632
771.124884,583810.6561410908,6148477.726066807,50.0,32632
771.327877,583810.86636682,6148477.974974382,50.0,32632
771.526138,583811.0578434777,6148478.212392671,50.0,32632
771.727076,583811.2183546438,6148478.415825194,50.0,32632
771.935917,583811.3603289545,6148478.596640716,50.0,32632
772.116326,583811.4645929607,6148478.765605354,50.0,32632
772.3273369999999,583811.5564283316,6148478.923201225,50.0,32632
772.528422,583811.642367691,6148479.058421152,50.0,32632
772.734871,583811.7030253821,6148479.193158958,50.0,32632
772.9272559999999,583811.7516788559,6148479.294272577,50.0,32632
773.126884,583811.7937997058,6148479.406393375,50.0,32632
773.32791,583811.8300245502,6148479.496138227,50.0,32632
773.5258759999999,583811.8538207689,6148479.57451431,50.0,32632
773.72735,583811.8784658111,6148479.608379557,50.0,32632
773.941005,583811.9098556804,6148479.620109919,50.0,32632
774.141626,583811.9349251344,6148479.631719751,50.0,32632
774.330121,583811.9669516225,6148479.610066988,50.0,32632
774.5220549999999,583812.0183637692,6148479.566520401,50.0,32632
774.712465,583812.0828411605,6148479.500959461,50.0,32632
774.925444,583812.1732368357,6148479.40249752,50.0,32632
775.123875,583812.2956590069,6148479.28238282,50.0,32632
775.321874,583812.4313586389,6148479.129126062,50.0,32632
775.521363,583812.6056173998,6148478.943209372,50.0,32632
775.724873,583812.793153633,6148478.724150629,50.0,32632
775.9319449999999,583812.9994389259,6148478.516581198,50.0,32632
776.1261079999999,583813.2324913722,6148478.231599949,50.0,32632
776.32395,583813.4847173106,6148477.935852603,50.0,32632
776.526659,583813.7497963292,6148477.629218628,50.0,32632
776.725995,583814.0216202254,6148477.300449787,50.0,32632
776.91953,583814.3128298422,6148476.949787148,50.0,32632
777.11651,583814.6164681311,6148476.610493307,50.0,32632
777.313803,583814.9270635266,6148476.237936895,50.0,32632
777.513423,583815.2505120295,6148475.8544938695,50.0,32632
777.7139629999999,583815.5807054392,6148475.4489159845,50.0,32632
777.922197,583815.9235397521,6148475.043579198,50.0,32632
778.112434,583816.2665863442,6148474.62711473,50.0,32632
778.315875,583816.6161656408,6148474.199643116,50.0,32632
778.518886,583816.9720654277,6148473.772292069,50.0,32632
778.721772,583817.3349223651,6148473.3116784645,50.0,32632
778.9214089999999,583817.6975671567,6148472.862192596,50.0,32632
779.130019,583818.0669568895,6148472.390571881,50.0,32632
779.319452,583818.4426671257,6148471.919071739,50.0,32632
779.515303,583818.830806072,6148471.458940415,50.0,32632
779.715957,583819.2195817702,6148470.965426002,50.0,32632
779.9338809999999,583819.6144657575,6148470.483159873,50.0,32632
780.119099,583820.0285233429,6148469.990127696,50.0,32632
780.318888,583820.4427932468,6148469.48596785,50.0,32632
780.518874,583820.869704105,6148468.982049131,50.0,32632
780.7214869999999,583821.2970395177,6148468.455875036,50.0,32632
780.913879,583821.7368036647,6148467.941069778,50.0,32632
781.116312,583822.1769923755,6148467.40400915,50.0,32632
781.316258,583822.6232893931,6148466.878196819,50.0,32632
781.519875,583823.0763314172,6148466.330249663,50.0,32632
781.721873,583823.5289490828,6148465.804557968,50.0,32632
781.924841,583823.9822035623,6148465.245483196,50.0,32632
782.118886,583824.4352459181,6148464.697536179,50.0,32632
782.316879,583824.8943965842,6148464.160837464,50.0,32632
782.512746,583825.3478636398,6148463.590635124,50.0,32632
782.723881,583825.8011185706,6148463.031560537,50.0,32632
782.9223599999999,583826.2606940543,6148462.472606548,50.0,32632
783.1213439999999,583826.7141614546,6148461.9024043465,50.0,32632
783.316883,583827.1802698534,6148461.332443295,50.0,32632
783.5229009999999,583827.6400579285,6148460.76236174,50.0,32632
783.7118839999999,583828.1063788095,6148460.18127308,50.0,32632
783.924885,583828.5722753179,6148459.622439881,50.0,32632
784.120875,583829.0383841905,6148459.052479026,50.0,32632
784.321725,583829.47899915,6148458.493163704,50.0,32632
784.5158769999999,583829.9257224154,6148457.945096688,50.0,32632
784.715877,583830.3469517501,6148457.407675198,50.0,32632
784.917302,583830.7681811856,6148456.870253748,50.0,32632
785.1108849999999,583831.1828780199,6148456.343839487,50.0,32632
785.316375,583831.5849340524,6148455.8171841465,50.0,32632
785.5167369999999,583831.9737125128,6148455.323670847,50.0,32632
785.713879,583832.337209255,6148454.829675342,50.0,32632
785.935695,583832.674575242,6148454.379708456,50.0,32632
786.112907,583832.9862349723,6148453.951514766,50.0,32632
786.311882,583833.2652312053,6148453.57835683,50.0,32632
786.507989,583833.493027081,6148453.237617543,50.0,32632
786.713474,583833.6877349063,6148452.974169412,50.0,32632
786.917955,583833.8375627965,6148452.743260476,50.0,32632
787.1239049999999,583833.9420862213,6148452.5671461485,50.0,32632
787.317047,583834.0209033157,6148452.41280499,50.0,32632
787.515905,583834.0733772948,6148452.31362012,50.0,32632
787.721192,583834.1064653911,6148452.236328978,50.0,32632
787.9248779999999,583834.1267003182,6148452.169924421,50.0,32632
788.115971,583834.1401902698,6148452.125654716,50.0,32632
788.3149219999999,583834.1473597669,6148452.081264448,50.0,32632
788.52031,583834.1479965483,6148452.047881328,50.0,32632
788.7190979999999,583834.1427373958,6148451.992122227,50.0,32632
788.9210059999999,583834.1121964224,6148451.935880878,50.0,32632
789.112086,583834.0506899526,6148451.845653595,50.0,32632
789.3139,583833.9516852675,6148451.7324475255,50.0,32632
789.527305,583833.8217150781,6148451.585255524,50.0,32632
789.7209009999999,583833.6542466629,6148451.415084746,50.0,32632
789.926488,583833.4305309048,6148451.210445796,50.0,32632
790.11788,583833.1444595924,6148450.960090417,50.0,32632
790.316822,583832.8211022768,6148450.675628575,50.0,32632
790.5152459999999,583832.4290689122,6148450.345329765,50.0,32632
790.717084,583831.9873208447,6148449.969555688,50.0,32632
790.918878,583831.4893253355,6148449.559313507,50.0,32632
791.115024,583830.954043735,6148449.114964913,50.0,32632
791.3140569999999,583830.3816882699,6148448.625382212,50.0,32632
791.518878,583829.7716221627,6148448.123948545,50.0,32632
791.71304,583829.1366985657,6148447.599777329,50.0,32632
791.927881,583828.4830256765,6148447.064116837,50.0,32632
792.1168789999999,583827.8291403835,6148446.539584149,50.0,32632
792.331766,583827.1752549345,6148446.015051561,50.0,32632
792.5229079999999,583826.5276897936,6148445.490639624,50.0,32632
792.72588,583825.8927654283,6148444.966468885,50.0,32632
792.924231,583825.2763778337,6148444.464915303,50.0,32632
793.123892,583824.6595656264,6148443.985617223,50.0,32632
793.3202679999999,583824.0615024519,6148443.517808584,50.0,32632
793.518905,583823.4691229195,6148443.083503696,50.0,32632
793.723877,583822.8756821136,6148442.704837429,50.0,32632
793.933949,583822.2999292337,6148442.393299123,50.0,32632
794.118704,583821.7294356008,6148442.137519976,50.0,32632
794.317783,583821.1639890108,6148441.948627695,50.0,32632
794.518952,583820.6162304296,6148441.82686336,50.0,32632
794.710462,583820.0674106992,6148441.760737632,50.0,32632
794.925838,583819.5295341114,6148441.7838747185,50.0,32632
795.119885,583819.0097700538,6148441.851884322,50.0,32632
795.322941,583818.482624444,6148441.975411985,50.0,32632
795.5298779999999,583817.9666342715,6148442.177074743,50.0,32632
795.720876,583817.450007495,6148442.412120686,50.0,32632
795.9278909999999,583816.9323196934,6148442.702805227,50.0,32632
796.1193959999999,583816.4139953161,6148443.026872952,50.0,32632
796.322877,583815.8819690128,6148443.406338204,50.0,32632
796.52388,583815.3493061648,6148443.819186645,50.0,32632
796.722228,583814.8029414294,6148444.287432618,50.0,32632
796.921507,583814.2494075063,6148444.800068959,50.0,32632
797.122111,583813.6825961577,6148445.345847426,50.0,32632
797.315878,583813.1151483281,6148445.925009087,50.0,32632
797.510199,583812.5346353101,6148446.5261851745,50.0,32632
797.719878,583811.9284161939,6148447.149134634,50.0,32632
797.9392859999999,583811.3537995521,6148447.772686821,50.0,32632
798.118801,583810.7916117897,6148448.407607851,50.0,32632
798.315877,583810.2355324468,6148449.053777186,50.0,32632
798.518459,583809.6731328066,6148449.699826063,50.0,32632
798.721446,583809.1231620463,6148450.3572437735,50.0,32632
798.912259,583808.5594895569,6148451.07005904,50.0,32632
799.116718,583807.9894967919,6148451.782753853,50.0,32632
799.3118939999999,583807.4254002762,6148452.517824681,50.0,32632
799.519877,583806.8484508481,6148453.26378224,50.0,32632
799.7255409999999,583806.2773976834,6148454.032115813,50.0,32632
799.922906,583805.7067690912,6148454.778194044,50.0,32632
800.119913,583805.1418245763,6148455.557775993,50.0,32632
800.314299,583804.5834128916,6148456.326350825,50.0,32632
800.524875,583804.0382788467,6148457.061783642,50.0,32632
800.7208969999999,583803.4929327966,6148457.808344233,50.0,32632
800.920989,583802.9669726274,6148458.533011025,50.0,32632
801.123107,583802.4412248083,6148459.246550173,50.0,32632
801.321969,583801.9287545814,6148459.926947289,50.0,32632
801.521427,583801.4348214797,6148460.629961428,50.0,32632
801.718877,583800.9533172377,6148461.34434436,50.0,32632
801.9312209999999,583800.4844540283,6148462.058968371,50.0,32632
802.124141,583800.0214870565,6148462.795968363,50.0,32632
802.321383,583799.5585202354,6148463.532968402,50.0,32632
802.522388,583799.1140905306,6148464.292585443,50.0,32632
802.73014,583798.6696609742,6148465.052202528,50.0,32632
802.918821,583798.2374480946,6148465.834316099,50.0,32632
803.11198,583797.8176640612,6148466.627798439,50.0,32632
803.324899,583797.4039884371,6148467.432529037,50.0,32632
803.518838,583797.009062085,6148468.248748912,50.0,32632
803.719037,583796.6261402329,6148469.098592961,50.0,32632
803.9410469999999,583796.2560715454,6148469.937550355,50.0,32632
804.1208869999999,583795.8923234199,6148470.776628286,50.0,32632
804.319396,583795.5342593604,6148471.649209878,50.0,32632
804.519963,583795.1764075989,6148472.510663792,50.0,32632
804.718951,583794.8309846557,6148473.383486456,50.0,32632
804.924272,583794.4920944262,6148474.245301944,50.0,32632
805.123875,583794.1591004219,6148475.129493382,50.0,32632
805.3152779999999,583793.8385352234,6148476.025053562,50.0,32632
805.5226359999999,583793.5181823072,6148476.909486056,50.0,32632
805.712311,583793.2167907642,6148477.794280087,50.0,32632
805.921887,583792.9023341864,6148478.701088547,50.0,32632
806.1225459999999,583792.6064146599,6148479.630513957,50.0,32632
806.321825,583792.3168156631,6148480.560059891,50.0,32632
806.5248849999999,583792.0459658604,6148481.501095058,50.0,32632
806.7249929999999,583791.7746918534,6148482.464385662,50.0,32632
806.925881,583791.5348078478,6148483.439406499,50.0,32632
807.120468,583791.2944996299,6148484.436682765,50.0,32632
807.322902,583791.0794731365,6148485.4344410505,50.0,32632
807.5329509999999,583790.8895161966,6148486.4438090585,50.0,32632
807.72836,583790.7242044881,6148487.487042204,50.0,32632
807.937471,583790.5647889427,6148488.552651275,50.0,32632
808.131388,583790.4365511596,6148489.641118271,50.0,32632
808.331593,583790.345599363,6148490.763691398,50.0,32632
808.530477,583790.2799291878,6148491.886746529,50.0,32632
808.726581,583790.2770386835,6148493.033262078,50.0,32632
808.93292,583790.3175423131,6148494.225131963,50.0,32632
809.12996,583790.4395745436,6148495.451951481,50.0,32632
809.3288779999999,583790.6302823687,6148496.724607344,50.0,32632
809.535896,583790.8961982641,6148498.032092357,50.0,32632
809.736092,583791.206144533,6148499.351548607,50.0,32632
809.947109,583791.5283070549,6148500.693501306,50.0,32632
810.123022,583791.8879673427,6148502.0584324645,50.0,32632
810.332446,583792.2668006881,6148503.412597454,50.0,32632
810.527392,583792.6458459406,6148504.755634775,50.0,32632
810.721555,583792.9812847865,6148506.064445474,50.0,32632
810.9258729999999,583793.2609008455,6148507.31653312,50.0,32632
811.1283629999999,583793.4530923119,6148508.511295173,50.0,32632
811.32148,583793.5900976101,6148509.615951021,50.0,32632
811.5279079999999,583793.6710681447,6148510.675011491,50.0,32632
811.723308,583793.7225584094,6148511.622192345,50.0,32632
811.9363599999999,583793.7445684306,6148512.457493582,50.0,32632
812.122891,583793.7813407959,6148513.181758736,50.0,32632
812.3228819999999,583793.8082305292,6148513.761122657,50.0,32632
812.524875,583793.8307093529,6148514.240216691,50.0,32632
812.721955,583793.8616301639,6148514.608154133,50.0,32632
812.932874,583793.9127850393,6148514.909686836,50.0,32632
813.126569,583793.9915551585,6148515.089296759,50.0,32632
813.325941,583794.0968797073,6148515.202622447,50.0,32632
813.5209159999999,583794.2418237438,6148515.227649499,50.0,32632
813.721051,583794.4263872762,6148515.164377914,50.0,32632
813.916104,583794.6819599721,6148515.024537942,50.0,32632
814.119004,583794.9773643621,6148514.785271641,50.0,32632
814.324247,583795.350310494,6148514.4584297715,50.0,32632
814.523255,583795.7885820118,6148514.02151592,50.0,32632
814.7228829999999,583796.2982871642,6148513.485778323,50.0,32632
814.9298809999999,583796.9047074789,6148512.851699044,50.0,32632
815.125873,583797.5570679202,6148512.129441746,50.0,32632
815.3214939999999,583798.2743296563,6148511.319367985,50.0,32632
815.524994,583799.0432154958,6148510.454619895,50.0,32632
815.724892,583799.8510847534,6148509.534956473,50.0,32632
815.940374,583800.7299637093,6148508.5387249,50.0,32632
816.1258819999999,583801.6347611033,6148507.509592435,50.0,32632
816.323236,583802.578542095,6148506.425544717,50.0,32632
816.5168739999999,583803.5547741822,6148505.297588958,50.0,32632
816.7228829999999,583804.550816659,6148504.125484139,50.0,32632
816.9283929999999,583805.5917389038,6148502.92084007,50.0,32632
817.128644,583806.6396186767,6148501.682933639,50.0,32632
817.328532,583807.7132049643,6148500.423254138,50.0,32632
817.5248839999999,583808.7935366435,6148499.141440007,50.0,32632
817.713886,583809.8867219221,6148497.848739482,50.0,32632
817.915973,583811.0060382163,6148496.51201051,50.0,32632
818.1128769999999,583812.106818417,6148495.15266481,50.0,32632
818.315757,583813.2330930755,6148493.782673803,50.0,32632
818.5144859999999,583814.3659010335,6148492.401675908,50.0,32632
818.7118869999999,583815.5054545214,6148490.998543419,50.0,32632
818.911876,583816.6325801407,6148489.584042437,50.0,32632
819.1073289999999,583817.7599186932,6148488.158414034,50.0,32632
819.3130189999999,583818.9001109968,6148486.721899291,50.0,32632
819.5168759999999,583820.0405162587,6148485.274257129,50.0,32632
819.712329,583821.1550039304,6148483.859516209,50.0,32632
819.918874,583822.2248249626,6148482.466187164,50.0,32632
820.121633,583823.2038262909,6148481.193575507,50.0,32632
820.315877,583824.0545097456,6148480.018702472,50.0,32632
820.515446,583824.8402915699,6148478.931645771,50.0,32632
820.717906,583825.5430593798,6148477.887532884,50.0,32632
820.9207849999999,583826.1229804029,6148476.985789841,50.0,32632
821.1190809999999,583826.6133545565,6148476.137997685,50.0,32632
821.319433,583827.0266103698,6148475.355525201,50.0,32632
821.521899,583827.3568518518,6148474.615996399,50.0,32632
821.7151299999999,583827.5981830191,6148473.897035292,50.0,32632
821.941097,583827.7379629754,6148473.198400756,50.0,32632
822.1168389999999,583827.782936588,6148472.497957923,50.0,32632
822.320302,583827.7141425322,6148471.795345127,50.0,32632
822.521898,583827.5320052432,6148471.068306961,50.0,32632
822.7204899999999,583827.2742349897,6148470.32869446,50.0,32632
822.925994,583826.953048103,6148469.599004162,50.0,32632
823.115546,583826.580873174,6148468.89060489,50.0,32632
823.3123529999999,583826.1707755303,6148468.181482345,50.0,32632
823.5138099999999,583825.7410797307,6148467.505381312,50.0,32632
823.713098,583825.3050633615,6148466.829159773,50.0,32632
823.9143439999999,583824.8751550512,6148466.164186536,50.0,32632
824.1136759999999,583824.4703161127,6148465.510823246,50.0,32632
824.3138749999999,583824.1036119051,6148464.847055576,50.0,32632
824.508882,583823.7874710826,6148464.184252318,50.0,32632
824.716041,583823.5094650253,6148463.51104466,50.0,32632
824.9158779999999,583823.269169281,6148462.849688009,50.0,32632
825.117933,583823.0737532418,6148462.155792075,50.0,32632
825.315877,583822.9166842495,6148461.440364014,50.0,32632
825.5149409999999,583822.7975378552,6148460.725659237,50.0,32632
825.714877,583822.7097814018,6148460.022684902,50.0,32632
825.912383,583822.6409862484,6148459.320072207,50.0,32632
826.1187319999999,583822.6101137401,6148458.618182789,50.0,32632
826.317494,583822.5918821096,6148457.916534464,50.0,32632
826.5149369999999,583822.5926118104,6148457.215247778,50.0,32632
826.7142269999999,583822.6125150832,6148456.503195021,50.0,32632
826.916526,583822.6324183567,6148455.791142264,50.0,32632
827.1159799999999,583822.671282983,6148455.0794511475,50.0,32632
827.3098779999999,583822.7107843115,6148454.334376909,50.0,32632
827.5130889999999,583822.7437529631,6148453.600309831,50.0,32632
827.721011,583822.789786991,6148452.8442284325,50.0,32632
827.939981,583822.8229678869,6148452.099033649,50.0,32632
828.118875,583822.8626814759,6148451.342831707,50.0,32632
828.323581,583822.9344218214,6148450.564977079,50.0,32632
828.5208769999999,583822.9867763473,6148449.80901623,50.0,32632
828.713434,583823.0450268798,6148449.075431345,50.0,32632
828.916878,583823.1091734215,6148448.364222422,50.0,32632
829.1168749999999,583823.1532974329,6148447.7082904,50.0,32632
829.315885,583823.2092134473,6148447.097110304,50.0,32632
829.521222,583823.245531387,6148446.51895169,50.0,32632
829.71606,583823.2677227774,6148446.018445938,50.0,32632
829.924888,583823.2953857043,6148445.562571564,50.0,32632
830.1148989999999,583823.3158792392,6148445.151087474,50.0,32632
830.323717,583823.3289911477,6148444.795121376,50.0,32632
830.522193,583823.3345091956,6148444.505800976,50.0,32632
830.72422,583823.3328578467,6148444.260870864,50.0,32632
830.9275409999999,583823.3303575669,6148444.060451578,50.0,32632
831.127705,583823.320900122,6148443.89329487,50.0,32632
831.327589,583823.317338678,6148443.748514124,50.0,32632
831.523878,583823.3196732358,6148443.62610934,50.0,32632
831.718032,583823.3337997975,6148443.54845648,50.0,32632
831.9228919999999,583823.3411814274,6148443.492938489,50.0,32632
832.120958,583823.3609917592,6148443.4487892995,50.0,32632
832.3198759999999,583823.3871225589,6148443.404760656,50.0,32632
832.518874,583823.4065084264,6148443.382866881,50.0,32632
832.713576,583823.4193615938,6148443.371980267,50.0,32632
832.920883,583823.4195738265,6148443.360852559,50.0,32632
833.118029,583823.4324269941,6148443.349965946,50.0,32632
833.3226589999999,583823.4385352287,6148443.3612142,50.0,32632
833.5258759999999,583823.4381107631,6148443.383469615,50.0,32632
833.722937,583823.4250453629,6148443.405483936,50.0,32632
833.9312259999999,583823.4440067649,6148443.405845578,50.0,32632
834.114881,583823.4629681668,6148443.406207218,50.0,32632
834.3140209999999,583823.488462269,6148443.395561697,50.0,32632
834.513876,583823.5141686043,6148443.3737884695,50.0,32632
834.714881,583823.5461954072,6148443.35213579,50.0,32632
834.9169139999999,583823.5912876115,6148443.30846879,50.0,32632
835.118349,583823.6494452186,6148443.242787467,50.0,32632
835.315885,583823.7263519968,6148443.188595496,50.0,32632
835.514881,583823.8291773489,6148443.101502593,50.0,32632
835.716782,583823.938959875,6148442.981147117,50.0,32632
835.926425,583824.0679160459,6148442.85002558,50.0,32632
836.116463,583824.2162580987,6148442.697010275,50.0,32632
836.320883,583824.3517469894,6148442.554881587,50.0,32632
836.515283,583824.5005135325,6148442.379610875,50.0,32632
836.720067,583824.6490678516,6148442.215467877,50.0,32632
836.915481,583824.8167958255,6148442.040558822,50.0,32632
837.1179149999999,583824.9786278165,6148441.843273811,50.0,32632
837.317874,583825.1402475847,6148441.657116511,50.0,32632
837.5168769999999,583825.3145083064,6148441.471200317,50.0,32632
837.7224659999999,583825.4957262266,6148441.252021559,50.0,32632
837.929883,583825.6634542702,6148441.077112536,50.0,32632
838.121768,583825.8117964369,6148440.924097284,50.0,32632
838.311379,583825.9281117802,6148440.7927347,50.0,32632
838.521496,583826.0311494704,6148440.6945141405,50.0,32632
838.720733,583826.1082685614,6148440.629194503,50.0,32632
838.921128,583826.1727467119,6148440.563633764,50.0,32632
839.119616,583826.2365881454,6148440.53145615,50.0,32632
839.318893,583826.2557617995,6148440.520690095,50.0,32632
839.519146,583826.2941091082,6148440.499157986,50.0,32632
839.7180619999999,583826.3259237056,6148440.488633033,50.0,32632
839.945061,583826.3381401689,6148440.51112955,50.0,32632
840.1220169999999,583826.3636342951,6148440.5004840465,50.0,32632
840.317561,583826.3821712296,6148440.523101115,50.0,32632
840.516443,583826.388279461,6148440.534349374,50.0,32632
840.721136,583826.4072408754,6148440.5347110275,50.0,32632
840.920886,583826.4131368666,6148440.557086993,50.0,32632
841.110882,583826.400920404,6148440.534590476,50.0,32632
841.322878,583826.4007081639,6148440.545718183,50.0,32632
841.5218749999999,583826.4072408754,6148440.5347110275,50.0,32632
841.7138199999999,583826.4007081639,6148440.545718183,50.0,32632
841.9233909999999,583826.3948121725,6148440.523342217,50.0,32632
842.114021,583826.3821712296,6148440.523101115,50.0,32632
842.312992,583826.3950244125,6148440.51221451,50.0,32632
842.513878,583826.3950244125,6148440.51221451,50.0,32632
842.715465,583826.3825957096,6148440.5008457005,50.0,32632
842.915929,583826.3952366526,6148440.501086802,50.0,32632
843.118884,583826.363846535,6148440.48935634,50.0,32632
843.31417,583826.3705914866,6148440.467221474,50.0,32632
843.513889,583826.3581627833,6148440.455852665,50.0,32632
843.713265,583826.3775486781,6148440.433958904,50.0,32632
843.915083,583826.3649077349,6148440.433717801,50.0,32632
844.123552,583826.3712282066,6148440.433838353,50.0,32632
844.322455,583826.3777609181,6148440.422831196,50.0,32632
844.5258769999999,583826.3583750234,6148440.444724958,50.0,32632
844.7228729999999,583826.3710159665,6148440.44496606,50.0,32632
844.9235749999999,583826.3583750234,6148440.444724958,50.0,32632
845.1218789999999,583826.3520545517,6148440.444604407,50.0,32632
845.316595,583826.3396258483,6148440.433235598,50.0,32632
845.516701,583826.3529035115,6148440.400093576,50.0,32632
845.7218879999999,583826.326984905,6148440.432994495,50.0,32632
845.9355499999999,583826.3265604253,6148440.45524991,50.0,32632
846.11807,583826.2882131161,6148440.476782019,50.0,32632
846.3148779999999,583826.2880008763,6148440.487909727,50.0,32632
846.5139839999999,583826.2688272219,6148440.498675782,50.0,32632
846.710879,583826.2753599333,6148440.487668626,50.0,32632
846.9162259999999,583826.2880008763,6148440.487909727,50.0,32632
847.113041,583826.2941091082,6148440.499157986,50.0,32632
847.3130749999999,583826.2941091082,6148440.499157986,50.0,32632
847.505019,583826.2877886365,6148440.499037434,50.0,32632
847.715881,583826.2941091082,6148440.499157986,50.0,32632
847.9152399999999,583826.2941091082,6148440.499157986,50.0,32632
848.1148939999999,583826.2941091082,6148440.499157986,50.0,32632
848.314091,583826.2877886365,6148440.499037434,50.0,32632
848.511305,583826.2877886365,6148440.499037434,50.0,32632
848.7138759999999,583826.2875763967,6148440.510165142,50.0,32632
848.913972,583826.2812559253,6148440.5100445915,50.0,32632
849.112358,583826.2812559253,6148440.5100445915,50.0,32632
849.306083,583826.2812559253,6148440.5100445915,50.0,32632
849.519875,583826.274723214,6148440.521051748,50.0,32632
849.722886,583826.262082271,6148440.520810645,50.0,32632
849.9232,583826.2555495598,6148440.531817803,50.0,32632
850.127965,583826.2492290883,6148440.531697252,50.0,32632
850.3197819999999,583826.2429086168,6148440.531576701,50.0,32632
850.513793,583826.2429086168,6148440.531576701,50.0,32632
850.709783,583826.2363759057,6148440.542583857,50.0,32632
850.916014,583826.2365881454,6148440.53145615,50.0,32632
851.119378,583826.2363759057,6148440.542583857,50.0,32632
851.319626,583826.236163666,6148440.553711564,50.0,32632
851.521991,583826.2363759057,6148440.542583857,50.0,32632
851.7191799999999,583826.2298431946,6148440.553591014,50.0,32632
851.936296,583826.236163666,6148440.553711564,50.0,32632
852.1254429999999,583826.2235227231,6148440.553470463,50.0,32632
852.321879,583826.2172022517,6148440.553349912,50.0,32632
852.5154719999999,583826.2169900121,6148440.56447762,50.0,32632
852.7162209999999,583826.2106695405,6148440.564357069,50.0,32632
852.924319,583826.1980285977,6148440.564115967,50.0,32632
853.1347129999999,583826.1917081261,6148440.563995416,50.0,32632
853.310886,583826.1853876548,6148440.563874865,50.0,32632
853.520763,583826.1853876548,6148440.563874865,50.0,32632
853.7178839999999,583826.1853876548,6148440.563874865,50.0,32632
853.929996,583826.1853876548,6148440.563874865,50.0,32632
854.1233629999999,583826.1853876548,6148440.563874865,50.0,32632
854.3159109999999,583826.1851754154,6148440.575002573,50.0,32632
854.516213,583826.1786427044,6148440.58600973,50.0,32632
854.721874,583826.1725344723,6148440.574761473,50.0,32632
854.917885,583826.1725344723,6148440.574761473,50.0,32632
855.119419,583826.1662140009,6148440.574640922,50.0,32632
855.3128859999999,583826.1662140009,6148440.574640922,50.0,32632
855.5184089999999,583826.1596812902,6148440.585648078,50.0,32632
855.7239959999999,583826.1596812902,6148440.585648078,50.0,32632
855.919226,583826.1594690507,6148440.596775785,50.0,32632
856.118878,583826.1594690507,6148440.596775785,50.0,32632
856.318953,583826.1596812902,6148440.585648078,50.0,32632
856.517895,583826.1596812902,6148440.585648078,50.0,32632
856.722047,583826.1594690507,6148440.596775785,50.0,32632
856.920878,583826.165789522,6148440.596896336,50.0,32632
857.1198119999999,583826.1721099933,6148440.597016888,50.0,32632
857.318907,583826.1721099933,6148440.597016888,50.0,32632
857.518887,583826.1660017614,6148440.585768629,50.0,32632
857.71888,583826.1660017614,6148440.585768629,50.0,32632
857.937107,583826.1660017614,6148440.585768629,50.0,32632
858.1168819999999,583826.1660017614,6148440.585768629,50.0,32632
858.3238779999999,583826.1596812902,6148440.585648078,50.0,32632
858.513882,583826.1598935296,6148440.57452037,50.0,32632
858.7154469999999,583826.1662140009,6148440.574640922,50.0,32632
858.925001,583826.1662140009,6148440.574640922,50.0,32632
859.1218769999999,583826.1662140009,6148440.574640922,50.0,32632
859.31489,583826.1662140009,6148440.574640922,50.0,32632
859.520176,583826.1664262405,6148440.563513214,50.0,32632
859.7195509999999,583826.1662140009,6148440.574640922,50.0,32632
859.933875,583826.1662140009,6148440.574640922,50.0,32632
860.119872,583826.1662140009,6148440.574640922,50.0,32632
860.329473,583826.1725344723,6148440.574761473,50.0,32632
860.5175439999999,583826.178854944,6148440.574882023,50.0,32632
860.71696,583826.1725344723,6148440.574761473,50.0,32632
860.916574,583826.1598935296,6148440.57452037,50.0,32632
861.1168769999999,583826.1596812902,6148440.585648078,50.0,32632
861.32188,583826.1535730581,6148440.57439982,50.0,32632
861.52024,583826.1596812902,6148440.585648078,50.0,32632
861.7147689999999,583826.1596812902,6148440.585648078,50.0,32632
861.925921,583826.1596812902,6148440.585648078,50.0,32632
862.1189469999999,583826.1596812902,6148440.585648078,50.0,32632
862.317878,583826.1531485792,6148440.596655235,50.0,32632
862.514472,583826.1531485792,6148440.596655235,50.0,32632
862.7188769999999,583826.1529363397,6148440.607782941,50.0,32632
862.917882,583826.1529363397,6148440.607782941,50.0,32632
863.1220129999999,583826.1527241002,6148440.618910651,50.0,32632
863.3188759999999,583826.1588323322,6148440.630158908,50.0,32632
863.518881,583826.1588323322,6148440.630158908,50.0,32632
863.711874,583826.164940564,6148440.641407167,50.0,32632
863.9260909999999,583826.164940564,6148440.641407167,50.0,32632
864.1145329999999,583826.1586200928,6148440.641286616,50.0,32632
864.3099249999999,583826.1586200928,6148440.641286616,50.0,32632
864.509857,583826.1584078533,6148440.652414323,50.0,32632
864.7095449999999,583826.1520873818,6148440.652293772,50.0,32632
864.9089889999999,583826.1520873818,6148440.652293772,50.0,32632
865.10735,583826.1520873818,6148440.652293772,50.0,32632
865.304884,583826.1457669106,6148440.652173222,50.0,32632
865.51661,583826.1457669106,6148440.652173222,50.0,32632
865.7180619999999,583826.14597915,6148440.6410455145,50.0,32632
865.915613,583826.1396586787,6148440.640924964,50.0,32632
866.116395,583826.1455546711,6148440.66330093,50.0,32632
